{
  "John": {
    "scores": [
      0.7115384615384616,
      0.5961538461538461,
      0.7884615384615384
    ],
    "total_score": 0.6987179487179488
  },
  "Felix": {
    "scores": [
      0.21153846153846154,
      0.5961538461538461,
      0.5576923076923077
    ],
    "total_score": 0.4551282051282051
  }
}